{
  "project_info": {
    "project_number": "638717754593",
    "project_id": "e--foodies",
    "storage_bucket": "e--foodies.appspot.com"
  },
  "client": [
    {
      "client_info": {
        "mobilesdk_app_id": "1:638717754593:android:9fb2bfeb8ad976a92c4ba0",
        "android_client_info": {
          "package_name": "com.example.splashscrreen"
        }
      },
      "oauth_client": [
        {
          "client_id": "638717754593-qde70827p8o8d6n8ticrdd7k72n9nn7g.apps.googleusercontent.com",
          "client_type": 3
        }
      ],
      "api_key": [
        {
          "current_key": "AIzaSyDFNbYHTenkBk9xcKmOXJAgCe5Yojg61t4"
        }
      ],
      "services": {
        "appinvite_service": {
          "other_platform_oauth_client": [
            {
              "client_id": "638717754593-qde70827p8o8d6n8ticrdd7k72n9nn7g.apps.googleusercontent.com",
              "client_type": 3
            }
          ]
        }
      }
    }
  ],
  "configuration_version": "1"
}